{
  "runtimeOptions": {
    "tfm": "net7.0",
    "frameworks": [
      {
        "name": "Microsoft.NETCore.App",
        "version": "7.0.0"
      },
      {
        "name": "Microsoft.AspNetCore.App",
        "version": "7.0.0"
      }
    ],
    "configProperties": {
      "System.GC.Concurrent": false,
      "System.GC.Server": false,
      "System.Reflection.Metadata.MetadataUpdater.IsSupported": false,
      "System.Runtime.Serialization.EnableUnsafeBinaryFormatterSerialization": false
    }
  }
}